{
  "service/PackagingService-dbg.js": 1754477648379,
  "lib/xlsx.full.min.js": 1754305350732,
  "service/odataHelper.js": 1754305508445,
  "service/PackagingService.js": 1754477648379,
  "service/CoreService.js": 1754477584834,
  "model/models.js": 1753946305000,
  "model/localModel.json": 1755672314211,
  "model/BaseObject.js": 1753947039000,
  "state/PackagingState.js": 1754477658315,
  "controller/Packaging.controller.js": 1755773029212,
  "controller/App.controller.js": 1754477599254,
  "manifest.json": 1755673345343,
  "Component.js": 1754477693171,
  "Component-dbg.js": 1754477693171,
  "Component.js.map": 1755773049457,
  "service/odataHelper-dbg.js": 1754305508445,
  "service/odataHelper.js.map": 1755773049455,
  "i18n/i18n.properties": 1754397337510,
  "service/PackagingService.js.map": 1755773049454,
  "service/CoreService-dbg.js": 1754477584834,
  "service/CoreService.js.map": 1755773049464,
  "model/models-dbg.js": 1753946305000,
  "model/models.js.map": 1755773049456,
  "model/BaseObject-dbg.js": 1753947039000,
  "model/BaseObject.js.map": 1755773049465,
  "state/PackagingState-dbg.js": 1754477658315,
  "state/PackagingState.js.map": 1755773049460,
  "controller/Packaging-dbg.controller.js": 1755773029212,
  "controller/Packaging.controller.js.map": 1755773049529,
  "controller/App-dbg.controller.js": 1754477599254,
  "controller/App.controller.js.map": 1755773049464,
  "lib/xlsx.full.min-dbg.js": 1754305350732,
  "lib/xlsx.full.min.js.map": 1755773050853,
  "Component-preload.js": 1755773051386,
  "Component-preload.js.map": 1755773051388,
  "view/Packaging.view.xml": 1755674982512,
  "view/App.view.xml": 1754477675319,
  "css/style.css": 1753946305000,
  "DownloadTemplate/Finished_Goods.xlsx": 1754901701009,
  "index.html": 1754635091841
}