{
  "controller/App.controller.js.map": 1754225526289,
  "service/CoreService.js": 1753947122000,
  "service/PackagingService.js": 1753947143000,
  "state/PackagingState.js": 1753947094000,
  "model/models.js": 1753946305000,
  "model/BaseObject.js": 1753947039000,
  "controller/Packaging.controller.js": 1754222439761,
  "controller/App.controller.js": 1753946305000,
  "manifest.json": 1754224260446,
  "Component.js": 1753946305000,
  "model/BaseObject-dbg.js": 1753947039000,
  "model/BaseObject.js.map": 1754225526299,
  "service/PackagingService-dbg.js": 1753947143000,
  "service/PackagingService.js.map": 1754225526285,
  "state/PackagingState-dbg.js": 1753947094000,
  "state/PackagingState.js.map": 1754225526286,
  "model/models-dbg.js": 1753946305000,
  "model/models.js.map": 1754225526285,
  "service/CoreService-dbg.js": 1753947122000,
  "service/CoreService.js.map": 1754225526292,
  "controller/Packaging-dbg.controller.js": 1754222439761,
  "controller/Packaging.controller.js.map": 1754225526314,
  "controller/App-dbg.controller.js": 1753946305000,
  "i18n/i18n.properties": 1753946344000,
  "Component-dbg.js": 1753946305000,
  "Component.js.map": 1754225526290,
  "Component-preload.js": 1754225526423,
  "Component-preload.js.map": 1754225526423,
  "view/Packaging.view.xml": 1753946516000,
  "view/App.view.xml": 1753946305000,
  "css/style.css": 1753946305000,
  "index.html": 1753946305000
}