{
  "Component.js": 1754477693171,
  "controller/App.controller.js": 1754477599254,
  "service/odataHelper.js": 1754305508445,
  "service/PackagingService.js": 1754477648379,
  "service/CoreService.js": 1754477584834,
  "model/models.js": 1753946305000,
  "model/BaseObject.js": 1753947039000,
  "lib/xlsx.full.min.js": 1754305350732,
  "controller/Packaging.controller.js": 1754824664594,
  "state/PackagingState.js": 1754477658315,
  "manifest.json": 1754636615503,
  "i18n/i18n.properties": 1754397337510,
  "controller/App-dbg.controller.js": 1754477599254,
  "controller/App.controller.js.map": 1754825009879,
  "service/odataHelper-dbg.js": 1754305508445,
  "service/odataHelper.js.map": 1754825009879,
  "service/PackagingService-dbg.js": 1754477648379,
  "service/PackagingService.js.map": 1754825009885,
  "service/CoreService-dbg.js": 1754477584834,
  "service/CoreService.js.map": 1754825009883,
  "model/models-dbg.js": 1753946305000,
  "model/models.js.map": 1754825009883,
  "model/BaseObject-dbg.js": 1753947039000,
  "model/BaseObject.js.map": 1754825009901,
  "lib/xlsx.full.min-dbg.js": 1754305350732,
  "lib/xlsx.full.min.js.map": 1754825011314,
  "controller/Packaging-dbg.controller.js": 1754824664594,
  "controller/Packaging.controller.js.map": 1754825009913,
  "state/PackagingState-dbg.js": 1754477658315,
  "state/PackagingState.js.map": 1754825009901,
  "Component-dbg.js": 1754477693171,
  "Component.js.map": 1754825009905,
  "Component-preload.js": 1754825012095,
  "Component-preload.js.map": 1754825012104,
  "view/Packaging.view.xml": 1754824144444,
  "view/App.view.xml": 1754477675319,
  "css/style.css": 1753946305000,
  "index.html": 1754635091841
}