{
  "i18n/i18n.properties": 1754397337510,
  "service/CoreService.js": 1754477584834,
  "service/odataHelper.js": 1754305508445,
  "service/PackagingService.js": 1754477648379,
  "state/PackagingState.js": 1754477658315,
  "lib/xlsx.full.min.js": 1754305350732,
  "model/models.js": 1753946305000,
  "model/BaseObject.js": 1753947039000,
  "controller/Packaging.controller.js": 1754909618313,
  "controller/App.controller.js": 1754477599254,
  "manifest.json": 1754909128798,
  "Component.js": 1754477693171,
  "lib/xlsx.full.min-dbg.js": 1754305350732,
  "lib/xlsx.full.min.js.map": 1754909648292,
  "service/odataHelper-dbg.js": 1754305508445,
  "service/odataHelper.js.map": 1754909646909,
  "service/PackagingService-dbg.js": 1754477648379,
  "service/PackagingService.js.map": 1754909646900,
  "state/PackagingState-dbg.js": 1754477658315,
  "state/PackagingState.js.map": 1754909646915,
  "service/CoreService-dbg.js": 1754477584834,
  "service/CoreService.js.map": 1754909646911,
  "model/models-dbg.js": 1753946305000,
  "model/models.js.map": 1754909646911,
  "model/BaseObject-dbg.js": 1753947039000,
  "model/BaseObject.js.map": 1754909646919,
  "controller/Packaging-dbg.controller.js": 1754909618313,
  "controller/Packaging.controller.js.map": 1754909646943,
  "controller/App-dbg.controller.js": 1754477599254,
  "controller/App.controller.js.map": 1754909646918,
  "Component-dbg.js": 1754477693171,
  "Component.js.map": 1754909646921,
  "Component-preload.js": 1754909648937,
  "Component-preload.js.map": 1754909648939,
  "view/Packaging.view.xml": 1754824144444,
  "view/App.view.xml": 1754477675319,
  "css/style.css": 1753946305000,
  "DownloadTemplate/Finished_Goods.xlsx": 1754901701009,
  "index.html": 1754635091841
}